algorithm,order,median_rel_cost_pct,q25,q75,n,median_tau_int
thr,sorted_asc,-24.533299171542033,-32.07798917018225,-16.81533866385107,450,83.5458426732257
thr,half_small_first,-22.507708221985418,-31.00163229697103,-13.522425929250645,450,26.723853861220235
thr,real,-3.7967559275129314,-16.718633428537515,3.4962611486086566,450,4.218648955522513
thr,real_reversed,-2.925204766051805,-14.326826784898495,4.6975749527985835,450,4.218648955522513
thr,random,0.0,0.0,0.0,450,1.0
thr,half_large_first,14.740334758727734,2.4746184396234403,28.872764033203385,450,26.781677339688855
thr,sorted_desc,79.95130735340942,61.793173179122064,98.62713507080872,450,83.5458426732257
mey,sorted_asc,-7.457118765312401,-9.134909672191581,-5.32870113662125,450,83.5458426732257
mey,half_small_first,-4.155670663051621,-5.700777798633967,-2.1939351522667683,450,26.723853861220235
mey,real,-0.580103534663666,-2.2059816936401857,0.8729835350979649,450,4.218648955522513
mey,real_reversed,-0.2595425007165606,-1.779552946761023,1.4342111626787564,450,4.218648955522513
mey,random,0.0,0.0,0.0,450,1.0
mey,half_large_first,6.370102175736456,1.1374884576486435,12.488944704281169,450,26.781677339688855
mey,sorted_desc,62.935116149012174,43.90351682722513,102.32874241316243,450,83.5458426732257
trust,sorted_asc,-4.148066988067372,-5.639489655545304,-2.7376921845892923,450,83.5458426732257
trust,half_small_first,-2.364840253854562,-3.3291174651479114,-1.1438565838480645,450,26.723853861220235
trust,real,-0.5754418933965337,-1.785740566258546,0.7366824843256922,450,4.218648955522513
trust,real_reversed,-0.2786334492180649,-1.4959770755595398,1.007055831108976,450,4.218648955522513
trust,random,0.0,0.0,0.0,450,1.0
trust,half_large_first,2.943160648552185,0.883174464924289,4.952049651855074,450,26.781677339688855
trust,sorted_desc,27.574272702886823,14.756522331993958,50.02014057772699,450,83.5458426732257
